{
  "config": {
    "lr_policy": 0.003,
    "lr_value": 0.003,
    "hidden_dim": 64,
    "gamma": 0.99
  },
  "num_seeds": 5,
  "num_episodes": 1000,
  "final_performance_mean": 459.392,
  "final_performance_std": 34.874660944588406,
  "all_final_performances": [
    482.63,
    472.18,
    494.02,
    453.07,
    395.06
  ],
  "all_rewards": [
    [
      15.0,
      35.0,
      14.0,
      13.0,
      19.0,
      28.0,
      12.0,
      22.0,
      22.0,
      15.0,
      11.0,
      12.0,
      12.0,
      12.0,
      12.0,
      10.0,
      9.0,
      12.0,
      13.0,
      11.0,
      14.0,
      16.0,
      10.0,
      11.0,
      10.0,
      12.0,
      9.0,
      10.0,
      12.0,
      9.0,
      14.0,
      13.0,
      12.0,
      9.0,
      11.0,
      9.0,
      11.0,
      11.0,
      10.0,
      8.0,
      11.0,
      11.0,
      16.0,
      12.0,
      9.0,
      10.0,
      11.0,
      9.0,
      9.0,
      10.0,
      9.0,
      17.0,
      10.0,
      19.0,
      12.0,
      20.0,
      13.0,
      12.0,
      19.0,
      11.0,
      17.0,
      15.0,
      13.0,
      19.0,
      10.0,
      11.0,
      15.0,
      11.0,
      15.0,
      10.0,
      32.0,
      34.0,
      25.0,
      21.0,
      17.0,
      16.0,
      24.0,
      30.0,
      9.0,
      23.0,
      14.0,
      28.0,
      50.0,
      12.0,
      18.0,
      12.0,
      15.0,
      14.0,
      10.0,
      47.0,
      21.0,
      12.0,
      16.0,
      17.0,
      15.0,
      20.0,
      19.0,
      29.0,
      16.0,
      11.0,
      9.0,
      13.0,
      12.0,
      27.0,
      13.0,
      14.0,
      18.0,
      22.0,
      17.0,
      14.0,
      24.0,
      14.0,
      9.0,
      10.0,
      11.0,
      23.0,
      21.0,
      10.0,
      23.0,
      21.0,
      16.0,
      23.0,
      13.0,
      8.0,
      13.0,
      18.0,
      16.0,
      16.0,
      33.0,
      11.0,
      12.0,
      11.0,
      15.0,
      14.0,
      35.0,
      42.0,
      65.0,
      26.0,
      26.0,
      12.0,
      22.0,
      14.0,
      48.0,
      14.0,
      18.0,
      57.0,
      19.0,
      18.0,
      29.0,
      23.0,
      23.0,
      43.0,
      39.0,
      49.0,
      50.0,
      16.0,
      48.0,
      34.0,
      25.0,
      17.0,
      70.0,
      28.0,
      48.0,
      18.0,
      15.0,
      15.0,
      45.0,
      11.0,
      18.0,
      13.0,
      11.0,
      12.0,
      48.0,
      38.0,
      14.0,
      14.0,
      27.0,
      22.0,
      23.0,
      44.0,
      60.0,
      35.0,
      40.0,
      23.0,
      41.0,
      83.0,
      81.0,
      24.0,
      17.0,
      10.0,
      55.0,
      124.0,
      19.0,
      34.0,
      18.0,
      23.0,
      20.0,
      53.0,
      22.0,
      16.0,
      80.0,
      65.0,
      83.0,
      86.0,
      27.0,
      157.0,
      66.0,
      128.0,
      169.0,
      37.0,
      49.0,
      55.0,
      53.0,
      197.0,
      74.0,
      87.0,
      56.0,
      108.0,
      114.0,
      145.0,
      102.0,
      94.0,
      120.0,
      167.0,
      152.0,
      133.0,
      217.0,
      184.0,
      140.0,
      199.0,
      130.0,
      81.0,
      104.0,
      16.0,
      214.0,
      286.0,
      210.0,
      139.0,
      175.0,
      146.0,
      172.0,
      163.0,
      209.0,
      155.0,
      243.0,
      161.0,
      159.0,
      147.0,
      163.0,
      139.0,
      171.0,
      182.0,
      186.0,
      181.0,
      197.0,
      276.0,
      215.0,
      198.0,
      291.0,
      225.0,
      265.0,
      235.0,
      352.0,
      288.0,
      401.0,
      299.0,
      402.0,
      500.0,
      268.0,
      323.0,
      500.0,
      500.0,
      500.0,
      500.0,
      500.0,
      318.0,
      228.0,
      500.0,
      500.0,
      155.0,
      500.0,
      497.0,
      500.0,
      500.0,
      500.0,
      241.0,
      454.0,
      500.0,
      422.0,
      370.0,
      357.0,
      349.0,
      311.0,
      316.0,
      293.0,
      236.0,
      342.0,
      210.0,
      274.0,
      99.0,
      318.0,
      297.0,
      364.0,
      91.0,
      119.0,
      277.0,
      303.0,
      500.0,
      207.0,
      500.0,
      500.0,
      500.0,
      500.0,
      500.0,
      500.0,
      500.0,
      500.0,
      500.0,
      500.0,
      500.0,
      500.0,
      500.0,
      500.0,
      500.0,
      500.0,
      500.0,
      500.0,
      500.0,
      500.0,
      500.0,
      500.0,
      500.0,
      500.0,
      500.0,
      500.0,
      500.0,
      500.0,
      500.0,
      500.0,
      500.0,
      500.0,
      500.0,
      500.0,
      500.0,
      500.0,
      500.0,
      500.0,
      500.0,
      500.0,
      500.0,
      500.0,
      500.0,
      500.0,
      500.0,
      500.0,
      500.0,
      500.0,
      500.0,
      500.0,
      500.0,
      500.0,
      500.0,
      500.0,
      500.0,
      500.0,
      500.0,
      500.0,
      500.0,
      500.0,
      500.0,
      500.0,
      500.0,
      500.0,
      500.0,
      500.0,
      500.0,
      500.0,
      500.0,
      500.0,
      500.0,
      500.0,
      500.0,
      500.0,
      500.0,
      500.0,
      500.0,
      500.0,
      500.0,
      500.0,
      500.0,
      500.0,
      500.0,
      500.0,
      500.0,
      500.0,
      500.0,
      500.0,
      500.0,
      500.0,
      500.0,
      500.0,
      500.0,
      500.0,
      500.0,
      500.0,
      500.0,
      478.0,
      477.0,
      413.0,
      297.0,
      332.0,
      306.0,
      285.0,
      296.0,
      287.0,
      280.0,
      307.0,
      288.0,
      290.0,
      294.0,
      287.0,
      280.0,
      269.0,
      313.0,
      253.0,
      272.0,
      278.0,
      303.0,
      18.0,
      341.0,
      449.0,
      500.0,
      500.0,
      500.0,
      500.0,
      500.0,
      500.0,
      500.0,
      500.0,
      500.0,
      500.0,
      500.0,
      429.0,
      449.0,
      349.0,
      346.0,
      278.0,
      274.0,
      258.0,
      272.0,
      256.0,
      246.0,
      280.0,
      243.0,
      286.0,
      271.0,
      238.0,
      273.0,
      287.0,
      289.0,
      334.0,
      369.0,
      334.0,
      400.0,
      415.0,
      483.0,
      500.0,
      500.0,
      500.0,
      500.0,
      500.0,
      500.0,
      500.0,
      500.0,
      500.0,
      500.0,
      500.0,
      500.0,
      500.0,
      500.0,
      500.0,
      500.0,
      500.0,
      500.0,
      500.0,
      500.0,
      500.0,
      500.0,
      500.0,
      500.0,
      500.0,
      486.0,
      500.0,
      455.0,
      500.0,
      436.0,
      376.0,
      447.0,
      442.0,
      379.0,
      442.0,
      413.0,
      475.0,
      500.0,
      500.0,
      500.0,
      500.0,
      500.0,
      500.0,
      500.0,
      500.0,
      500.0,
      500.0,
      500.0,
      500.0,
      500.0,
      500.0,
      500.0,
      500.0,
      500.0,
      500.0,
      500.0,
      500.0,
      500.0,
      500.0,
      500.0,
      500.0,
      500.0,
      487.0,
      500.0,
      500.0,
      500.0,
      500.0,
      500.0,
      411.0,
      500.0,
      500.0,
      500.0,
      500.0,
      500.0,
      500.0,
      500.0,
      500.0,
      463.0,
      446.0,
      400.0,
      467.0,
      402.0,
      441.0,
      463.0,
      454.0,
      426.0,
      446.0,
      373.0,
      409.0,
      481.0,
      409.0,
      438.0,
      402.0,
      454.0,
      470.0,
      500.0,
      465.0,
      360.0,
      488.0,
      500.0,
      500.0,
      500.0,
      500.0,
      500.0,
      500.0,
      500.0,
      500.0,
      500.0,
      500.0,
      500.0,
      500.0,
      500.0,
      500.0,
      500.0,
      500.0,
      500.0,
      413.0,
      500.0,
      500.0,
      472.0,
      500.0,
      500.0,
      483.0,
      464.0,
      500.0,
      467.0,
      500.0,
      500.0,
      500.0,
      500.0,
      500.0,
      460.0,
      500.0,
      500.0,
      500.0,
      500.0,
      342.0,
      478.0,
      500.0,
      435.0,
      438.0,
      331.0,
      420.0,
      500.0,
      500.0,
      500.0,
      500.0,
      500.0,
      500.0,
      500.0,
      500.0,
      500.0,
      500.0,
      500.0,
      500.0,
      500.0,
      500.0,
      500.0,
      500.0,
      497.0,
      437.0,
      500.0,
      431.0,
      439.0,
      474.0,
      437.0,
      454.0,
      500.0,
      487.0,
      422.0,
      430.0,
      459.0,
      500.0,
      473.0,
      500.0,
      500.0,
      500.0,
      500.0,
      500.0,
      500.0,
      500.0,
      500.0,
      500.0,
      500.0,
      500.0,
      500.0,
      500.0,
      500.0,
      500.0,
      444.0,
      360.0,
      448.0,
      408.0,
      323.0,
      286.0,
      334.0,
      318.0,
      367.0,
      328.0,
      277.0,
      323.0,
      294.0,
      317.0,
      294.0,
      287.0,
      240.0,
      345.0,
      281.0,
      323.0,
      438.0,
      500.0,
      500.0,
      500.0,
      294.0,
      500.0,
      500.0,
      500.0,
      500.0,
      500.0,
      500.0,
      500.0,
      500.0,
      500.0,
      500.0,
      500.0,
      500.0,
      500.0,
      500.0,
      500.0,
      229.0,
      500.0,
      500.0,
      500.0,
      500.0,
      426.0,
      500.0,
      500.0,
      500.0,
      500.0,
      500.0,
      500.0,
      500.0,
      500.0,
      500.0,
      500.0,
      500.0,
      500.0,
      500.0,
      500.0,
      500.0,
      500.0,
      500.0,
      500.0,
      500.0,
      500.0,
      500.0,
      500.0,
      500.0,
      500.0,
      500.0,
      500.0,
      500.0,
      500.0,
      500.0,
      500.0,
      500.0,
      500.0,
      500.0,
      500.0,
      500.0,
      500.0,
      500.0,
      500.0,
      500.0,
      500.0,
      500.0,
      500.0,
      500.0,
      500.0,
      500.0,
      500.0,
      500.0,
      500.0,
      500.0,
      500.0,
      500.0,
      500.0,
      500.0,
      500.0,
      500.0,
      500.0,
      500.0,
      500.0,
      500.0,
      500.0,
      500.0,
      500.0,
      500.0,
      380.0,
      500.0,
      500.0,
      500.0,
      500.0,
      500.0,
      500.0,
      500.0,
      500.0,
      500.0,
      500.0,
      500.0,
      500.0,
      500.0,
      500.0,
      500.0,
      500.0,
      500.0,
      500.0,
      365.0,
      500.0,
      500.0,
      500.0,
      500.0,
      500.0,
      500.0,
      500.0,
      391.0,
      500.0,
      500.0,
      500.0,
      500.0,
      500.0,
      500.0,
      500.0,
      500.0,
      500.0,
      500.0,
      500.0,
      500.0,
      500.0,
      500.0,
      490.0,
      500.0,
      500.0,
      500.0,
      500.0,
      500.0,
      500.0,
      500.0,
      446.0,
      330.0,
      459.0,
      372.0,
      461.0,
      381.0,
      490.0,
      350.0,
      343.0,
      500.0,
      474.0,
      500.0,
      500.0,
      500.0,
      500.0,
      500.0,
      500.0,
      500.0,
      500.0,
      439.0,
      500.0,
      426.0,
      418.0,
      500.0,
      452.0,
      500.0,
      500.0,
      431.0,
      500.0,
      376.0,
      243.0,
      381.0,
      500.0,
      432.0,
      480.0,
      500.0,
      500.0,
      380.0,
      500.0,
      500.0,
      500.0,
      500.0,
      500.0,
      500.0,
      500.0,
      500.0,
      500.0,
      500.0,
      500.0,
      500.0,
      500.0,
      500.0,
      500.0,
      444.0,
      500.0,
      459.0,
      385.0,
      346.0,
      326.0,
      394.0,
      438.0,
      398.0,
      500.0,
      500.0,
      500.0,
      500.0,
      500.0,
      500.0,
      500.0,
      500.0,
      500.0,
      500.0,
      500.0,
      500.0,
      500.0,
      500.0,
      500.0,
      500.0,
      500.0,
      500.0,
      500.0,
      500.0,
      500.0,
      500.0,
      500.0,
      500.0,
      500.0,
      500.0,
      500.0,
      500.0,
      500.0,
      500.0,
      500.0,
      500.0,
      500.0,
      500.0,
      500.0,
      500.0,
      500.0,
      453.0,
      500.0,
      473.0,
      399.0,
      431.0,
      495.0,
      489.0,
      464.0,
      450.0,
      500.0,
      472.0,
      496.0,
      500.0,
      468.0,
      500.0,
      500.0,
      365.0,
      500.0,
      419.0,
      439.0,
      384.0,
      361.0,
      347.0,
      347.0,
      309.0,
      323.0,
      379.0,
      500.0,
      500.0,
      500.0,
      500.0,
      500.0,
      500.0,
      500.0,
      500.0,
      500.0,
      500.0,
      500.0,
      500.0,
      500.0,
      500.0,
      500.0,
      500.0,
      500.0,
      500.0,
      500.0,
      500.0,
      500.0,
      500.0,
      500.0,
      500.0,
      500.0,
      500.0,
      500.0,
      500.0,
      500.0,
      500.0,
      500.0,
      500.0,
      500.0,
      500.0,
      500.0,
      500.0,
      500.0,
      500.0,
      500.0,
      500.0,
      500.0,
      500.0,
      500.0,
      500.0,
      500.0,
      500.0,
      500.0,
      500.0,
      500.0,
      500.0,
      500.0,
      500.0,
      500.0,
      500.0,
      500.0,
      500.0,
      500.0,
      500.0,
      500.0,
      500.0
    ],
    [
      20.0,
      54.0,
      37.0,
      13.0,
      47.0,
      25.0,
      35.0,
      12.0,
      13.0,
      19.0,
      59.0,
      34.0,
      21.0,
      31.0,
      22.0,
      13.0,
      19.0,
      18.0,
      16.0,
      20.0,
      15.0,
      41.0,
      20.0,
      11.0,
      31.0,
      42.0,
      22.0,
      22.0,
      52.0,
      28.0,
      29.0,
      61.0,
      64.0,
      15.0,
      22.0,
      26.0,
      16.0,
      25.0,
      17.0,
      27.0,
      10.0,
      27.0,
      28.0,
      27.0,
      32.0,
      15.0,
      35.0,
      36.0,
      44.0,
      13.0,
      30.0,
      14.0,
      30.0,
      68.0,
      19.0,
      35.0,
      32.0,
      10.0,
      20.0,
      74.0,
      56.0,
      17.0,
      19.0,
      47.0,
      24.0,
      43.0,
      20.0,
      16.0,
      44.0,
      28.0,
      33.0,
      66.0,
      53.0,
      76.0,
      17.0,
      31.0,
      78.0,
      92.0,
      45.0,
      55.0,
      42.0,
      42.0,
      50.0,
      81.0,
      29.0,
      32.0,
      70.0,
      29.0,
      59.0,
      37.0,
      27.0,
      13.0,
      44.0,
      41.0,
      44.0,
      38.0,
      104.0,
      61.0,
      47.0,
      66.0,
      58.0,
      55.0,
      49.0,
      92.0,
      50.0,
      69.0,
      79.0,
      60.0,
      61.0,
      46.0,
      44.0,
      73.0,
      66.0,
      42.0,
      128.0,
      109.0,
      53.0,
      52.0,
      103.0,
      130.0,
      19.0,
      78.0,
      61.0,
      88.0,
      45.0,
      52.0,
      73.0,
      47.0,
      102.0,
      41.0,
      79.0,
      76.0,
      120.0,
      68.0,
      60.0,
      130.0,
      68.0,
      131.0,
      72.0,
      147.0,
      114.0,
      88.0,
      152.0,
      112.0,
      50.0,
      146.0,
      121.0,
      144.0,
      84.0,
      69.0,
      105.0,
      100.0,
      96.0,
      177.0,
      65.0,
      137.0,
      64.0,
      62.0,
      73.0,
      43.0,
      48.0,
      57.0,
      72.0,
      131.0,
      126.0,
      79.0,
      229.0,
      106.0,
      196.0,
      153.0,
      314.0,
      293.0,
      500.0,
      273.0,
      286.0,
      103.0,
      109.0,
      94.0,
      211.0,
      174.0,
      85.0,
      105.0,
      89.0,
      93.0,
      297.0,
      97.0,
      92.0,
      345.0,
      367.0,
      455.0,
      483.0,
      357.0,
      225.0,
      157.0,
      141.0,
      106.0,
      151.0,
      119.0,
      102.0,
      80.0,
      87.0,
      90.0,
      81.0,
      61.0,
      75.0,
      67.0,
      98.0,
      74.0,
      64.0,
      94.0,
      67.0,
      50.0,
      67.0,
      90.0,
      86.0,
      102.0,
      102.0,
      139.0,
      94.0,
      86.0,
      15.0,
      178.0,
      161.0,
      244.0,
      156.0,
      271.0,
      390.0,
      296.0,
      170.0,
      337.0,
      210.0,
      273.0,
      454.0,
      281.0,
      219.0,
      500.0,
      317.0,
      342.0,
      178.0,
      500.0,
      466.0,
      496.0,
      316.0,
      397.0,
      192.0,
      330.0,
      188.0,
      399.0,
      376.0,
      295.0,
      311.0,
      185.0,
      304.0,
      79.0,
      254.0,
      188.0,
      256.0,
      244.0,
      225.0,
      218.0,
      190.0,
      210.0,
      191.0,
      226.0,
      212.0,
      202.0,
      198.0,
      219.0,
      193.0,
      194.0,
      191.0,
      198.0,
      210.0,
      188.0,
      191.0,
      200.0,
      202.0,
      195.0,
      225.0,
      223.0,
      211.0,
      213.0,
      202.0,
      228.0,
      219.0,
      227.0,
      214.0,
      275.0,
      205.0,
      223.0,
      326.0,
      316.0,
      294.0,
      282.0,
      332.0,
      348.0,
      336.0,
      334.0,
      393.0,
      486.0,
      449.0,
      371.0,
      500.0,
      500.0,
      500.0,
      298.0,
      500.0,
      500.0,
      434.0,
      500.0,
      500.0,
      500.0,
      480.0,
      500.0,
      500.0,
      500.0,
      500.0,
      500.0,
      500.0,
      500.0,
      500.0,
      500.0,
      499.0,
      500.0,
      500.0,
      500.0,
      500.0,
      277.0,
      500.0,
      500.0,
      500.0,
      500.0,
      500.0,
      500.0,
      500.0,
      413.0,
      500.0,
      444.0,
      500.0,
      500.0,
      498.0,
      500.0,
      500.0,
      500.0,
      500.0,
      500.0,
      500.0,
      359.0,
      500.0,
      417.0,
      500.0,
      500.0,
      500.0,
      500.0,
      500.0,
      500.0,
      500.0,
      500.0,
      392.0,
      500.0,
      481.0,
      500.0,
      500.0,
      376.0,
      500.0,
      471.0,
      500.0,
      500.0,
      241.0,
      178.0,
      500.0,
      500.0,
      500.0,
      500.0,
      500.0,
      500.0,
      500.0,
      500.0,
      500.0,
      500.0,
      500.0,
      500.0,
      500.0,
      500.0,
      500.0,
      500.0,
      500.0,
      500.0,
      500.0,
      500.0,
      500.0,
      500.0,
      500.0,
      500.0,
      500.0,
      500.0,
      500.0,
      500.0,
      500.0,
      500.0,
      500.0,
      500.0,
      500.0,
      500.0,
      500.0,
      500.0,
      500.0,
      500.0,
      500.0,
      500.0,
      500.0,
      500.0,
      500.0,
      500.0,
      500.0,
      500.0,
      500.0,
      500.0,
      500.0,
      500.0,
      500.0,
      500.0,
      500.0,
      500.0,
      500.0,
      500.0,
      500.0,
      500.0,
      500.0,
      500.0,
      500.0,
      500.0,
      500.0,
      500.0,
      500.0,
      500.0,
      500.0,
      500.0,
      500.0,
      500.0,
      500.0,
      500.0,
      500.0,
      500.0,
      500.0,
      500.0,
      500.0,
      500.0,
      500.0,
      500.0,
      500.0,
      500.0,
      500.0,
      500.0,
      500.0,
      500.0,
      500.0,
      500.0,
      500.0,
      500.0,
      500.0,
      500.0,
      500.0,
      500.0,
      500.0,
      500.0,
      500.0,
      500.0,
      500.0,
      500.0,
      500.0,
      500.0,
      500.0,
      500.0,
      500.0,
      500.0,
      500.0,
      500.0,
      428.0,
      500.0,
      500.0,
      500.0,
      500.0,
      500.0,
      500.0,
      500.0,
      500.0,
      500.0,
      500.0,
      476.0,
      500.0,
      500.0,
      394.0,
      500.0,
      500.0,
      500.0,
      500.0,
      500.0,
      500.0,
      450.0,
      500.0,
      500.0,
      500.0,
      500.0,
      394.0,
      500.0,
      441.0,
      439.0,
      430.0,
      348.0,
      382.0,
      257.0,
      285.0,
      389.0,
      337.0,
      500.0,
      500.0,
      500.0,
      500.0,
      500.0,
      500.0,
      500.0,
      500.0,
      500.0,
      500.0,
      500.0,
      500.0,
      500.0,
      500.0,
      500.0,
      500.0,
      500.0,
      500.0,
      500.0,
      500.0,
      500.0,
      500.0,
      500.0,
      500.0,
      500.0,
      500.0,
      500.0,
      500.0,
      500.0,
      500.0,
      500.0,
      500.0,
      500.0,
      500.0,
      500.0,
      500.0,
      500.0,
      500.0,
      500.0,
      500.0,
      500.0,
      500.0,
      500.0,
      500.0,
      500.0,
      500.0,
      500.0,
      500.0,
      500.0,
      500.0,
      500.0,
      500.0,
      500.0,
      500.0,
      500.0,
      500.0,
      500.0,
      500.0,
      500.0,
      500.0,
      353.0,
      500.0,
      262.0,
      500.0,
      500.0,
      500.0,
      500.0,
      500.0,
      500.0,
      500.0,
      500.0,
      500.0,
      500.0,
      500.0,
      500.0,
      500.0,
      500.0,
      500.0,
      500.0,
      500.0,
      500.0,
      500.0,
      500.0,
      500.0,
      500.0,
      500.0,
      500.0,
      500.0,
      500.0,
      500.0,
      500.0,
      500.0,
      500.0,
      500.0,
      500.0,
      500.0,
      500.0,
      500.0,
      500.0,
      500.0,
      500.0,
      500.0,
      500.0,
      500.0,
      500.0,
      500.0,
      500.0,
      500.0,
      500.0,
      500.0,
      500.0,
      243.0,
      500.0,
      285.0,
      205.0,
      173.0,
      170.0,
      145.0,
      177.0,
      324.0,
      500.0,
      500.0,
      500.0,
      500.0,
      500.0,
      500.0,
      500.0,
      435.0,
      500.0,
      500.0,
      440.0,
      500.0,
      500.0,
      500.0,
      500.0,
      344.0,
      500.0,
      146.0,
      500.0,
      500.0,
      500.0,
      482.0,
      500.0,
      500.0,
      449.0,
      500.0,
      202.0,
      285.0,
      290.0,
      205.0,
      179.0,
      410.0,
      196.0,
      251.0,
      199.0,
      130.0,
      124.0,
      153.0,
      201.0,
      243.0,
      229.0,
      336.0,
      211.0,
      500.0,
      235.0,
      171.0,
      316.0,
      352.0,
      195.0,
      387.0,
      202.0,
      200.0,
      352.0,
      196.0,
      150.0,
      212.0,
      313.0,
      388.0,
      264.0,
      189.0,
      287.0,
      189.0,
      500.0,
      294.0,
      422.0,
      500.0,
      500.0,
      500.0,
      500.0,
      500.0,
      500.0,
      500.0,
      342.0,
      422.0,
      500.0,
      500.0,
      354.0,
      267.0,
      269.0,
      276.0,
      157.0,
      186.0,
      271.0,
      239.0,
      285.0,
      296.0,
      344.0,
      224.0,
      272.0,
      403.0,
      223.0,
      407.0,
      262.0,
      312.0,
      306.0,
      222.0,
      356.0,
      371.0,
      236.0,
      485.0,
      479.0,
      471.0,
      500.0,
      354.0,
      500.0,
      500.0,
      500.0,
      399.0,
      243.0,
      500.0,
      366.0,
      387.0,
      309.0,
      500.0,
      216.0,
      436.0,
      402.0,
      430.0,
      230.0,
      472.0,
      313.0,
      500.0,
      317.0,
      363.0,
      385.0,
      399.0,
      161.0,
      500.0,
      457.0,
      188.0,
      248.0,
      278.0,
      360.0,
      327.0,
      298.0,
      332.0,
      420.0,
      479.0,
      386.0,
      342.0,
      229.0,
      276.0,
      351.0,
      439.0,
      460.0,
      398.0,
      285.0,
      500.0,
      308.0,
      500.0,
      441.0,
      332.0,
      223.0,
      231.0,
      384.0,
      470.0,
      309.0,
      347.0,
      389.0,
      398.0,
      423.0,
      322.0,
      500.0,
      500.0,
      455.0,
      317.0,
      242.0,
      475.0,
      376.0,
      401.0,
      500.0,
      472.0,
      500.0,
      500.0,
      448.0,
      394.0,
      500.0,
      359.0,
      242.0,
      381.0,
      312.0,
      356.0,
      263.0,
      458.0,
      382.0,
      290.0,
      355.0,
      238.0,
      313.0,
      422.0,
      279.0,
      282.0,
      210.0,
      340.0,
      267.0,
      294.0,
      246.0,
      333.0,
      287.0,
      306.0,
      252.0,
      316.0,
      332.0,
      323.0,
      282.0,
      445.0,
      302.0,
      482.0,
      413.0,
      473.0,
      459.0,
      500.0,
      500.0,
      448.0,
      500.0,
      428.0,
      435.0,
      469.0,
      465.0,
      500.0,
      500.0,
      450.0,
      278.0,
      390.0,
      283.0,
      285.0,
      337.0,
      247.0,
      233.0,
      336.0,
      236.0,
      240.0,
      232.0,
      261.0,
      229.0,
      238.0,
      236.0,
      310.0,
      329.0,
      307.0,
      290.0,
      334.0,
      388.0,
      363.0,
      302.0,
      284.0,
      377.0,
      352.0,
      278.0,
      450.0,
      500.0,
      500.0,
      500.0,
      500.0,
      500.0,
      500.0,
      500.0,
      500.0,
      500.0,
      500.0,
      500.0,
      500.0,
      500.0,
      500.0,
      500.0,
      500.0,
      500.0,
      500.0,
      500.0,
      400.0,
      327.0,
      215.0,
      221.0,
      235.0,
      232.0,
      215.0,
      24.0,
      222.0,
      452.0,
      500.0,
      500.0,
      500.0,
      500.0,
      500.0,
      500.0,
      500.0,
      500.0,
      500.0,
      500.0,
      500.0,
      500.0,
      500.0,
      500.0,
      500.0,
      500.0,
      500.0,
      500.0,
      500.0,
      500.0,
      500.0,
      500.0,
      500.0,
      500.0,
      500.0,
      500.0,
      500.0,
      500.0,
      500.0,
      500.0,
      500.0,
      500.0,
      500.0,
      500.0,
      500.0,
      500.0,
      500.0,
      500.0,
      500.0,
      500.0,
      500.0,
      500.0,
      500.0,
      500.0,
      500.0,
      500.0,
      500.0,
      189.0,
      500.0,
      500.0,
      500.0,
      500.0,
      500.0,
      500.0,
      500.0,
      500.0,
      500.0,
      500.0,
      500.0,
      500.0,
      500.0,
      500.0,
      500.0,
      500.0,
      500.0,
      500.0,
      500.0,
      500.0,
      500.0,
      500.0,
      486.0,
      500.0,
      500.0,
      500.0,
      500.0,
      500.0,
      500.0,
      500.0,
      500.0,
      500.0,
      500.0,
      500.0,
      500.0,
      500.0,
      500.0,
      500.0
    ],
    [
      14.0,
      48.0,
      11.0,
      16.0,
      83.0,
      16.0,
      10.0,
      36.0,
      24.0,
      17.0,
      38.0,
      14.0,
      45.0,
      13.0,
      12.0,
      14.0,
      15.0,
      15.0,
      34.0,
      22.0,
      22.0,
      52.0,
      30.0,
      85.0,
      17.0,
      25.0,
      33.0,
      21.0,
      13.0,
      29.0,
      21.0,
      23.0,
      56.0,
      22.0,
      21.0,
      20.0,
      15.0,
      18.0,
      11.0,
      25.0,
      22.0,
      24.0,
      16.0,
      13.0,
      14.0,
      21.0,
      21.0,
      23.0,
      23.0,
      15.0,
      24.0,
      14.0,
      18.0,
      41.0,
      16.0,
      49.0,
      20.0,
      23.0,
      22.0,
      21.0,
      30.0,
      13.0,
      16.0,
      13.0,
      33.0,
      11.0,
      16.0,
      16.0,
      14.0,
      39.0,
      22.0,
      40.0,
      33.0,
      15.0,
      39.0,
      19.0,
      68.0,
      17.0,
      67.0,
      32.0,
      16.0,
      17.0,
      38.0,
      37.0,
      31.0,
      11.0,
      45.0,
      32.0,
      11.0,
      29.0,
      44.0,
      18.0,
      35.0,
      17.0,
      16.0,
      72.0,
      68.0,
      18.0,
      41.0,
      101.0,
      16.0,
      25.0,
      57.0,
      63.0,
      98.0,
      42.0,
      58.0,
      60.0,
      67.0,
      57.0,
      70.0,
      43.0,
      91.0,
      65.0,
      23.0,
      60.0,
      114.0,
      45.0,
      63.0,
      57.0,
      22.0,
      43.0,
      46.0,
      87.0,
      68.0,
      66.0,
      54.0,
      66.0,
      67.0,
      123.0,
      70.0,
      40.0,
      63.0,
      37.0,
      78.0,
      62.0,
      61.0,
      108.0,
      84.0,
      48.0,
      96.0,
      66.0,
      104.0,
      87.0,
      74.0,
      140.0,
      53.0,
      139.0,
      101.0,
      109.0,
      102.0,
      137.0,
      127.0,
      75.0,
      152.0,
      112.0,
      154.0,
      90.0,
      95.0,
      145.0,
      162.0,
      50.0,
      129.0,
      151.0,
      121.0,
      160.0,
      47.0,
      109.0,
      156.0,
      82.0,
      123.0,
      124.0,
      106.0,
      82.0,
      45.0,
      114.0,
      67.0,
      67.0,
      105.0,
      84.0,
      90.0,
      91.0,
      143.0,
      80.0,
      73.0,
      309.0,
      160.0,
      50.0,
      100.0,
      130.0,
      163.0,
      123.0,
      133.0,
      152.0,
      121.0,
      35.0,
      123.0,
      176.0,
      100.0,
      158.0,
      92.0,
      394.0,
      237.0,
      266.0,
      500.0,
      204.0,
      127.0,
      128.0,
      119.0,
      292.0,
      257.0,
      109.0,
      158.0,
      198.0,
      163.0,
      129.0,
      183.0,
      208.0,
      122.0,
      213.0,
      160.0,
      203.0,
      195.0,
      214.0,
      200.0,
      337.0,
      396.0,
      350.0,
      415.0,
      171.0,
      496.0,
      500.0,
      480.0,
      500.0,
      500.0,
      499.0,
      379.0,
      377.0,
      500.0,
      448.0,
      106.0,
      310.0,
      374.0,
      337.0,
      471.0,
      450.0,
      426.0,
      441.0,
      500.0,
      476.0,
      456.0,
      360.0,
      500.0,
      362.0,
      273.0,
      500.0,
      342.0,
      500.0,
      297.0,
      500.0,
      500.0,
      414.0,
      357.0,
      457.0,
      500.0,
      359.0,
      393.0,
      349.0,
      480.0,
      495.0,
      469.0,
      321.0,
      471.0,
      392.0,
      352.0,
      374.0,
      362.0,
      343.0,
      343.0,
      345.0,
      298.0,
      318.0,
      329.0,
      335.0,
      326.0,
      264.0,
      223.0,
      232.0,
      280.0,
      343.0,
      296.0,
      284.0,
      316.0,
      292.0,
      337.0,
      265.0,
      329.0,
      291.0,
      391.0,
      87.0,
      324.0,
      302.0,
      360.0,
      354.0,
      305.0,
      364.0,
      337.0,
      346.0,
      301.0,
      450.0,
      390.0,
      479.0,
      400.0,
      453.0,
      379.0,
      376.0,
      369.0,
      500.0,
      391.0,
      500.0,
      446.0,
      251.0,
      313.0,
      451.0,
      396.0,
      428.0,
      500.0,
      149.0,
      192.0,
      348.0,
      291.0,
      129.0,
      167.0,
      136.0,
      125.0,
      104.0,
      175.0,
      172.0,
      167.0,
      129.0,
      126.0,
      90.0,
      148.0,
      81.0,
      115.0,
      134.0,
      119.0,
      148.0,
      128.0,
      163.0,
      116.0,
      305.0,
      191.0,
      109.0,
      196.0,
      372.0,
      205.0,
      238.0,
      112.0,
      347.0,
      144.0,
      261.0,
      270.0,
      197.0,
      325.0,
      252.0,
      302.0,
      238.0,
      140.0,
      380.0,
      167.0,
      308.0,
      89.0,
      319.0,
      304.0,
      114.0,
      384.0,
      500.0,
      375.0,
      288.0,
      101.0,
      292.0,
      273.0,
      312.0,
      359.0,
      426.0,
      346.0,
      288.0,
      292.0,
      346.0,
      363.0,
      468.0,
      336.0,
      327.0,
      331.0,
      350.0,
      378.0,
      332.0,
      187.0,
      328.0,
      373.0,
      439.0,
      281.0,
      500.0,
      410.0,
      174.0,
      415.0,
      367.0,
      402.0,
      486.0,
      411.0,
      408.0,
      348.0,
      138.0,
      117.0,
      500.0,
      438.0,
      500.0,
      387.0,
      455.0,
      462.0,
      362.0,
      440.0,
      500.0,
      453.0,
      410.0,
      500.0,
      500.0,
      418.0,
      500.0,
      500.0,
      500.0,
      500.0,
      500.0,
      500.0,
      500.0,
      500.0,
      450.0,
      478.0,
      414.0,
      461.0,
      409.0,
      388.0,
      421.0,
      311.0,
      327.0,
      358.0,
      371.0,
      432.0,
      403.0,
      435.0,
      449.0,
      390.0,
      483.0,
      472.0,
      474.0,
      500.0,
      500.0,
      500.0,
      500.0,
      500.0,
      500.0,
      500.0,
      500.0,
      490.0,
      488.0,
      403.0,
      388.0,
      325.0,
      432.0,
      456.0,
      500.0,
      500.0,
      500.0,
      500.0,
      500.0,
      500.0,
      500.0,
      500.0,
      500.0,
      500.0,
      500.0,
      500.0,
      500.0,
      500.0,
      500.0,
      500.0,
      500.0,
      500.0,
      500.0,
      500.0,
      500.0,
      500.0,
      500.0,
      487.0,
      500.0,
      500.0,
      499.0,
      500.0,
      416.0,
      398.0,
      332.0,
      380.0,
      329.0,
      464.0,
      500.0,
      500.0,
      500.0,
      500.0,
      500.0,
      500.0,
      500.0,
      500.0,
      500.0,
      500.0,
      500.0,
      500.0,
      500.0,
      500.0,
      500.0,
      500.0,
      500.0,
      500.0,
      500.0,
      500.0,
      451.0,
      500.0,
      500.0,
      500.0,
      435.0,
      500.0,
      500.0,
      500.0,
      482.0,
      500.0,
      500.0,
      500.0,
      500.0,
      500.0,
      439.0,
      500.0,
      388.0,
      400.0,
      252.0,
      500.0,
      500.0,
      500.0,
      500.0,
      500.0,
      193.0,
      500.0,
      500.0,
      500.0,
      500.0,
      500.0,
      500.0,
      500.0,
      500.0,
      500.0,
      500.0,
      500.0,
      500.0,
      500.0,
      500.0,
      500.0,
      500.0,
      500.0,
      430.0,
      500.0,
      500.0,
      283.0,
      204.0,
      380.0,
      259.0,
      500.0,
      277.0,
      451.0,
      349.0,
      199.0,
      345.0,
      290.0,
      181.0,
      176.0,
      122.0,
      380.0,
      207.0,
      161.0,
      500.0,
      500.0,
      500.0,
      422.0,
      500.0,
      500.0,
      500.0,
      500.0,
      500.0,
      500.0,
      500.0,
      500.0,
      500.0,
      500.0,
      500.0,
      500.0,
      500.0,
      500.0,
      500.0,
      500.0,
      500.0,
      500.0,
      500.0,
      500.0,
      500.0,
      500.0,
      500.0,
      500.0,
      500.0,
      500.0,
      500.0,
      500.0,
      500.0,
      500.0,
      500.0,
      500.0,
      500.0,
      500.0,
      500.0,
      500.0,
      500.0,
      487.0,
      500.0,
      500.0,
      500.0,
      500.0,
      500.0,
      500.0,
      500.0,
      500.0,
      500.0,
      500.0,
      500.0,
      500.0,
      500.0,
      500.0,
      500.0,
      500.0,
      500.0,
      500.0,
      500.0,
      500.0,
      500.0,
      500.0,
      500.0,
      500.0,
      500.0,
      500.0,
      500.0,
      500.0,
      500.0,
      500.0,
      500.0,
      500.0,
      500.0,
      500.0,
      500.0,
      500.0,
      500.0,
      500.0,
      500.0,
      500.0,
      500.0,
      500.0,
      500.0,
      500.0,
      397.0,
      500.0,
      500.0,
      500.0,
      500.0,
      500.0,
      500.0,
      500.0,
      500.0,
      500.0,
      500.0,
      500.0,
      500.0,
      500.0,
      500.0,
      500.0,
      500.0,
      500.0,
      500.0,
      500.0,
      500.0,
      500.0,
      500.0,
      500.0,
      500.0,
      500.0,
      440.0,
      412.0,
      500.0,
      442.0,
      456.0,
      500.0,
      425.0,
      500.0,
      500.0,
      500.0,
      500.0,
      500.0,
      500.0,
      500.0,
      500.0,
      500.0,
      500.0,
      500.0,
      500.0,
      500.0,
      500.0,
      500.0,
      500.0,
      500.0,
      500.0,
      500.0,
      500.0,
      500.0,
      500.0,
      60.0,
      500.0,
      500.0,
      500.0,
      500.0,
      500.0,
      500.0,
      500.0,
      452.0,
      476.0,
      417.0,
      467.0,
      479.0,
      424.0,
      476.0,
      443.0,
      412.0,
      500.0,
      500.0,
      500.0,
      500.0,
      500.0,
      500.0,
      500.0,
      500.0,
      500.0,
      500.0,
      500.0,
      500.0,
      500.0,
      500.0,
      500.0,
      500.0,
      500.0,
      500.0,
      500.0,
      500.0,
      500.0,
      472.0,
      416.0,
      411.0,
      389.0,
      438.0,
      372.0,
      318.0,
      372.0,
      389.0,
      356.0,
      344.0,
      348.0,
      305.0,
      268.0,
      293.0,
      310.0,
      276.0,
      269.0,
      235.0,
      254.0,
      254.0,
      270.0,
      270.0,
      274.0,
      263.0,
      269.0,
      276.0,
      307.0,
      257.0,
      257.0,
      302.0,
      303.0,
      286.0,
      332.0,
      287.0,
      293.0,
      308.0,
      331.0,
      336.0,
      292.0,
      327.0,
      351.0,
      329.0,
      335.0,
      413.0,
      360.0,
      313.0,
      387.0,
      401.0,
      400.0,
      405.0,
      383.0,
      459.0,
      349.0,
      427.0,
      417.0,
      488.0,
      419.0,
      500.0,
      477.0,
      443.0,
      500.0,
      500.0,
      483.0,
      500.0,
      500.0,
      472.0,
      493.0,
      354.0,
      371.0,
      350.0,
      347.0,
      368.0,
      340.0,
      338.0,
      372.0,
      341.0,
      364.0,
      356.0,
      370.0,
      442.0,
      491.0,
      500.0,
      500.0,
      356.0,
      500.0,
      500.0,
      500.0,
      500.0,
      500.0,
      500.0,
      500.0,
      500.0,
      500.0,
      500.0,
      500.0,
      500.0,
      500.0,
      500.0,
      500.0,
      500.0,
      500.0,
      500.0,
      500.0,
      500.0,
      500.0,
      500.0,
      500.0,
      500.0,
      500.0,
      500.0,
      500.0,
      500.0,
      500.0,
      500.0,
      500.0,
      500.0,
      500.0,
      500.0,
      500.0,
      500.0,
      500.0,
      500.0,
      500.0,
      500.0,
      500.0,
      500.0,
      500.0,
      500.0,
      500.0,
      500.0,
      500.0,
      500.0,
      500.0,
      500.0,
      500.0,
      500.0,
      500.0,
      500.0,
      500.0,
      500.0,
      500.0,
      500.0,
      500.0,
      500.0,
      500.0,
      500.0,
      500.0,
      500.0,
      500.0,
      500.0,
      500.0,
      500.0,
      500.0,
      500.0,
      500.0,
      500.0,
      500.0,
      500.0,
      500.0,
      500.0,
      500.0,
      500.0,
      500.0,
      500.0,
      500.0,
      500.0,
      500.0,
      500.0,
      500.0,
      500.0,
      500.0,
      500.0,
      500.0,
      500.0,
      500.0,
      500.0,
      500.0,
      500.0,
      500.0,
      500.0,
      500.0,
      500.0,
      500.0,
      500.0,
      500.0,
      500.0,
      500.0,
      500.0,
      500.0,
      500.0,
      500.0,
      500.0,
      500.0,
      494.0,
      361.0,
      339.0,
      348.0,
      360.0,
      500.0,
      500.0,
      500.0,
      500.0,
      500.0,
      500.0,
      500.0,
      500.0,
      500.0,
      500.0,
      500.0,
      500.0,
      500.0,
      500.0,
      500.0,
      500.0,
      500.0,
      500.0,
      500.0,
      500.0,
      500.0,
      500.0,
      500.0,
      500.0,
      500.0,
      500.0,
      500.0,
      500.0,
      500.0,
      500.0,
      500.0,
      500.0,
      500.0,
      500.0,
      500.0
    ],
    [
      26.0,
      14.0,
      20.0,
      15.0,
      17.0,
      18.0,
      14.0,
      24.0,
      20.0,
      18.0,
      16.0,
      20.0,
      37.0,
      21.0,
      17.0,
      14.0,
      20.0,
      13.0,
      25.0,
      18.0,
      26.0,
      26.0,
      13.0,
      10.0,
      12.0,
      11.0,
      10.0,
      11.0,
      9.0,
      16.0,
      14.0,
      14.0,
      12.0,
      12.0,
      15.0,
      10.0,
      20.0,
      12.0,
      27.0,
      24.0,
      16.0,
      15.0,
      23.0,
      13.0,
      15.0,
      46.0,
      11.0,
      10.0,
      12.0,
      21.0,
      10.0,
      13.0,
      13.0,
      9.0,
      9.0,
      11.0,
      13.0,
      11.0,
      9.0,
      9.0,
      12.0,
      9.0,
      32.0,
      12.0,
      11.0,
      11.0,
      13.0,
      12.0,
      17.0,
      23.0,
      16.0,
      9.0,
      25.0,
      10.0,
      13.0,
      23.0,
      48.0,
      10.0,
      19.0,
      22.0,
      13.0,
      12.0,
      20.0,
      33.0,
      15.0,
      23.0,
      12.0,
      9.0,
      13.0,
      11.0,
      24.0,
      11.0,
      32.0,
      27.0,
      14.0,
      11.0,
      9.0,
      33.0,
      12.0,
      34.0,
      38.0,
      19.0,
      99.0,
      19.0,
      21.0,
      35.0,
      40.0,
      23.0,
      38.0,
      10.0,
      11.0,
      12.0,
      22.0,
      21.0,
      14.0,
      31.0,
      21.0,
      35.0,
      30.0,
      16.0,
      11.0,
      25.0,
      38.0,
      61.0,
      24.0,
      20.0,
      13.0,
      39.0,
      22.0,
      20.0,
      22.0,
      16.0,
      29.0,
      12.0,
      24.0,
      17.0,
      15.0,
      17.0,
      24.0,
      27.0,
      12.0,
      24.0,
      12.0,
      14.0,
      16.0,
      15.0,
      20.0,
      12.0,
      24.0,
      21.0,
      14.0,
      11.0,
      27.0,
      22.0,
      9.0,
      12.0,
      27.0,
      31.0,
      11.0,
      12.0,
      23.0,
      20.0,
      20.0,
      26.0,
      51.0,
      34.0,
      27.0,
      10.0,
      18.0,
      18.0,
      35.0,
      24.0,
      51.0,
      10.0,
      15.0,
      20.0,
      27.0,
      15.0,
      23.0,
      34.0,
      19.0,
      38.0,
      13.0,
      43.0,
      23.0,
      32.0,
      61.0,
      37.0,
      43.0,
      20.0,
      42.0,
      42.0,
      30.0,
      57.0,
      63.0,
      52.0,
      14.0,
      21.0,
      33.0,
      21.0,
      50.0,
      120.0,
      36.0,
      103.0,
      117.0,
      77.0,
      65.0,
      73.0,
      86.0,
      45.0,
      43.0,
      82.0,
      131.0,
      54.0,
      61.0,
      41.0,
      100.0,
      65.0,
      87.0,
      110.0,
      141.0,
      49.0,
      53.0,
      53.0,
      47.0,
      98.0,
      48.0,
      68.0,
      98.0,
      44.0,
      38.0,
      91.0,
      83.0,
      35.0,
      61.0,
      55.0,
      83.0,
      44.0,
      50.0,
      85.0,
      150.0,
      96.0,
      150.0,
      142.0,
      137.0,
      160.0,
      132.0,
      117.0,
      93.0,
      99.0,
      64.0,
      114.0,
      77.0,
      89.0,
      97.0,
      86.0,
      76.0,
      82.0,
      56.0,
      121.0,
      115.0,
      131.0,
      150.0,
      186.0,
      124.0,
      122.0,
      136.0,
      191.0,
      256.0,
      241.0,
      194.0,
      137.0,
      158.0,
      371.0,
      146.0,
      225.0,
      151.0,
      229.0,
      220.0,
      272.0,
      246.0,
      187.0,
      349.0,
      157.0,
      221.0,
      247.0,
      99.0,
      339.0,
      154.0,
      311.0,
      273.0,
      409.0,
      356.0,
      374.0,
      311.0,
      269.0,
      221.0,
      84.0,
      165.0,
      226.0,
      162.0,
      279.0,
      104.0,
      119.0,
      158.0,
      87.0,
      190.0,
      280.0,
      195.0,
      161.0,
      175.0,
      210.0,
      133.0,
      137.0,
      114.0,
      272.0,
      264.0,
      200.0,
      411.0,
      280.0,
      500.0,
      384.0,
      159.0,
      221.0,
      301.0,
      304.0,
      398.0,
      187.0,
      500.0,
      248.0,
      194.0,
      383.0,
      284.0,
      258.0,
      302.0,
      426.0,
      164.0,
      351.0,
      497.0,
      358.0,
      388.0,
      396.0,
      404.0,
      343.0,
      364.0,
      322.0,
      398.0,
      322.0,
      500.0,
      227.0,
      395.0,
      500.0,
      454.0,
      272.0,
      367.0,
      365.0,
      500.0,
      398.0,
      226.0,
      462.0,
      500.0,
      500.0,
      333.0,
      500.0,
      500.0,
      500.0,
      500.0,
      500.0,
      330.0,
      490.0,
      500.0,
      500.0,
      114.0,
      257.0,
      500.0,
      500.0,
      500.0,
      500.0,
      401.0,
      297.0,
      307.0,
      150.0,
      232.0,
      178.0,
      151.0,
      148.0,
      207.0,
      245.0,
      279.0,
      296.0,
      365.0,
      368.0,
      500.0,
      500.0,
      500.0,
      500.0,
      500.0,
      500.0,
      500.0,
      500.0,
      500.0,
      500.0,
      500.0,
      500.0,
      500.0,
      500.0,
      500.0,
      500.0,
      500.0,
      500.0,
      500.0,
      500.0,
      500.0,
      500.0,
      500.0,
      500.0,
      500.0,
      500.0,
      291.0,
      500.0,
      500.0,
      500.0,
      500.0,
      500.0,
      500.0,
      500.0,
      500.0,
      500.0,
      500.0,
      500.0,
      500.0,
      500.0,
      500.0,
      500.0,
      500.0,
      279.0,
      500.0,
      500.0,
      500.0,
      500.0,
      500.0,
      500.0,
      500.0,
      500.0,
      500.0,
      500.0,
      500.0,
      500.0,
      500.0,
      500.0,
      500.0,
      500.0,
      500.0,
      500.0,
      500.0,
      500.0,
      500.0,
      149.0,
      500.0,
      500.0,
      500.0,
      500.0,
      500.0,
      500.0,
      500.0,
      500.0,
      500.0,
      500.0,
      500.0,
      500.0,
      500.0,
      500.0,
      500.0,
      500.0,
      500.0,
      500.0,
      500.0,
      500.0,
      500.0,
      500.0,
      500.0,
      500.0,
      500.0,
      500.0,
      500.0,
      500.0,
      500.0,
      500.0,
      500.0,
      500.0,
      500.0,
      500.0,
      500.0,
      500.0,
      500.0,
      500.0,
      500.0,
      500.0,
      500.0,
      500.0,
      500.0,
      500.0,
      500.0,
      500.0,
      500.0,
      500.0,
      500.0,
      500.0,
      500.0,
      500.0,
      500.0,
      500.0,
      500.0,
      500.0,
      500.0,
      500.0,
      500.0,
      500.0,
      500.0,
      500.0,
      500.0,
      500.0,
      500.0,
      500.0,
      500.0,
      500.0,
      500.0,
      500.0,
      500.0,
      500.0,
      500.0,
      500.0,
      500.0,
      500.0,
      500.0,
      500.0,
      500.0,
      485.0,
      476.0,
      312.0,
      321.0,
      351.0,
      130.0,
      231.0,
      243.0,
      361.0,
      500.0,
      500.0,
      500.0,
      500.0,
      500.0,
      500.0,
      500.0,
      500.0,
      500.0,
      500.0,
      500.0,
      500.0,
      500.0,
      500.0,
      500.0,
      500.0,
      500.0,
      500.0,
      500.0,
      500.0,
      500.0,
      500.0,
      500.0,
      500.0,
      500.0,
      500.0,
      500.0,
      500.0,
      500.0,
      500.0,
      500.0,
      500.0,
      500.0,
      500.0,
      500.0,
      500.0,
      500.0,
      500.0,
      500.0,
      500.0,
      500.0,
      500.0,
      500.0,
      500.0,
      500.0,
      500.0,
      500.0,
      500.0,
      500.0,
      500.0,
      500.0,
      500.0,
      500.0,
      500.0,
      500.0,
      500.0,
      500.0,
      500.0,
      500.0,
      500.0,
      500.0,
      500.0,
      500.0,
      500.0,
      500.0,
      500.0,
      500.0,
      500.0,
      500.0,
      500.0,
      500.0,
      500.0,
      500.0,
      500.0,
      500.0,
      500.0,
      367.0,
      268.0,
      387.0,
      380.0,
      500.0,
      500.0,
      500.0,
      500.0,
      500.0,
      500.0,
      500.0,
      500.0,
      500.0,
      500.0,
      500.0,
      500.0,
      500.0,
      500.0,
      500.0,
      500.0,
      500.0,
      500.0,
      500.0,
      500.0,
      500.0,
      500.0,
      500.0,
      468.0,
      410.0,
      442.0,
      468.0,
      269.0,
      296.0,
      500.0,
      500.0,
      500.0,
      500.0,
      500.0,
      500.0,
      500.0,
      500.0,
      500.0,
      500.0,
      500.0,
      500.0,
      500.0,
      500.0,
      500.0,
      500.0,
      500.0,
      500.0,
      500.0,
      500.0,
      500.0,
      500.0,
      500.0,
      371.0,
      500.0,
      500.0,
      368.0,
      381.0,
      500.0,
      500.0,
      500.0,
      500.0,
      500.0,
      500.0,
      500.0,
      500.0,
      500.0,
      500.0,
      500.0,
      500.0,
      500.0,
      500.0,
      500.0,
      500.0,
      500.0,
      500.0,
      251.0,
      500.0,
      500.0,
      500.0,
      500.0,
      500.0,
      500.0,
      500.0,
      500.0,
      500.0,
      500.0,
      500.0,
      500.0,
      500.0,
      500.0,
      500.0,
      500.0,
      500.0,
      500.0,
      500.0,
      500.0,
      500.0,
      500.0,
      500.0,
      500.0,
      500.0,
      500.0,
      500.0,
      500.0,
      500.0,
      500.0,
      500.0,
      500.0,
      500.0,
      500.0,
      500.0,
      500.0,
      500.0,
      500.0,
      434.0,
      500.0,
      500.0,
      500.0,
      500.0,
      500.0,
      500.0,
      500.0,
      500.0,
      500.0,
      500.0,
      500.0,
      500.0,
      500.0,
      500.0,
      31.0,
      500.0,
      500.0,
      500.0,
      500.0,
      500.0,
      500.0,
      364.0,
      247.0,
      206.0,
      222.0,
      146.0,
      127.0,
      130.0,
      135.0,
      132.0,
      106.0,
      142.0,
      115.0,
      116.0,
      123.0,
      125.0,
      109.0,
      117.0,
      122.0,
      98.0,
      118.0,
      107.0,
      119.0,
      112.0,
      112.0,
      109.0,
      102.0,
      113.0,
      108.0,
      106.0,
      121.0,
      119.0,
      128.0,
      114.0,
      109.0,
      134.0,
      115.0,
      122.0,
      123.0,
      112.0,
      113.0,
      125.0,
      119.0,
      122.0,
      126.0,
      111.0,
      128.0,
      121.0,
      134.0,
      118.0,
      116.0,
      120.0,
      115.0,
      131.0,
      114.0,
      125.0,
      138.0,
      120.0,
      126.0,
      130.0,
      165.0,
      131.0,
      126.0,
      120.0,
      134.0,
      151.0,
      153.0,
      139.0,
      159.0,
      143.0,
      144.0,
      181.0,
      183.0,
      193.0,
      220.0,
      202.0,
      234.0,
      247.0,
      253.0,
      292.0,
      223.0,
      277.0,
      290.0,
      275.0,
      374.0,
      354.0,
      346.0,
      351.0,
      396.0,
      500.0,
      500.0,
      500.0,
      455.0,
      500.0,
      500.0,
      500.0,
      500.0,
      500.0,
      500.0,
      500.0,
      500.0,
      500.0,
      500.0,
      500.0,
      500.0,
      500.0,
      500.0,
      494.0,
      500.0,
      500.0,
      500.0,
      500.0,
      500.0,
      500.0,
      355.0,
      500.0,
      500.0,
      500.0,
      500.0,
      500.0,
      500.0,
      500.0,
      500.0,
      500.0,
      500.0,
      500.0,
      500.0,
      500.0,
      500.0,
      500.0,
      500.0,
      500.0,
      500.0,
      500.0,
      500.0,
      500.0,
      500.0,
      500.0,
      500.0,
      500.0,
      500.0,
      500.0,
      346.0,
      291.0,
      500.0,
      500.0,
      500.0,
      500.0,
      500.0,
      500.0,
      500.0,
      500.0,
      500.0,
      500.0,
      500.0,
      500.0,
      500.0,
      500.0,
      500.0,
      500.0,
      500.0,
      500.0,
      500.0,
      500.0,
      424.0,
      500.0,
      413.0,
      367.0,
      334.0,
      422.0,
      390.0,
      378.0,
      298.0,
      430.0,
      404.0,
      356.0,
      393.0,
      391.0,
      386.0,
      430.0,
      381.0,
      374.0,
      312.0,
      423.0,
      298.0,
      417.0,
      407.0,
      500.0,
      399.0,
      500.0,
      500.0,
      500.0,
      500.0,
      500.0,
      500.0,
      500.0,
      500.0,
      500.0,
      500.0,
      500.0,
      500.0,
      500.0,
      500.0,
      500.0,
      500.0,
      500.0,
      500.0,
      500.0,
      500.0,
      500.0,
      500.0,
      500.0,
      500.0,
      500.0,
      432.0,
      500.0,
      500.0,
      500.0,
      433.0,
      500.0,
      500.0,
      500.0,
      500.0,
      500.0,
      500.0,
      478.0,
      500.0,
      500.0,
      312.0,
      384.0,
      329.0,
      295.0,
      242.0,
      260.0,
      178.0,
      500.0,
      500.0,
      500.0,
      500.0
    ],
    [
      21.0,
      27.0,
      10.0,
      19.0,
      19.0,
      11.0,
      23.0,
      21.0,
      23.0,
      25.0,
      11.0,
      15.0,
      14.0,
      16.0,
      24.0,
      16.0,
      15.0,
      67.0,
      20.0,
      26.0,
      16.0,
      10.0,
      23.0,
      24.0,
      22.0,
      9.0,
      32.0,
      9.0,
      20.0,
      25.0,
      18.0,
      11.0,
      14.0,
      24.0,
      20.0,
      37.0,
      19.0,
      13.0,
      27.0,
      12.0,
      24.0,
      44.0,
      15.0,
      33.0,
      21.0,
      17.0,
      17.0,
      10.0,
      36.0,
      13.0,
      12.0,
      10.0,
      12.0,
      10.0,
      15.0,
      47.0,
      31.0,
      16.0,
      29.0,
      19.0,
      15.0,
      24.0,
      47.0,
      21.0,
      39.0,
      17.0,
      24.0,
      130.0,
      16.0,
      11.0,
      16.0,
      55.0,
      23.0,
      19.0,
      26.0,
      34.0,
      15.0,
      63.0,
      28.0,
      23.0,
      57.0,
      26.0,
      37.0,
      20.0,
      28.0,
      50.0,
      18.0,
      17.0,
      59.0,
      39.0,
      44.0,
      14.0,
      32.0,
      27.0,
      10.0,
      26.0,
      54.0,
      17.0,
      36.0,
      16.0,
      22.0,
      25.0,
      23.0,
      67.0,
      35.0,
      32.0,
      19.0,
      15.0,
      24.0,
      42.0,
      30.0,
      50.0,
      44.0,
      39.0,
      14.0,
      16.0,
      26.0,
      39.0,
      47.0,
      29.0,
      58.0,
      103.0,
      21.0,
      21.0,
      29.0,
      35.0,
      59.0,
      77.0,
      77.0,
      53.0,
      33.0,
      69.0,
      94.0,
      104.0,
      40.0,
      43.0,
      127.0,
      56.0,
      91.0,
      46.0,
      41.0,
      68.0,
      38.0,
      50.0,
      31.0,
      53.0,
      64.0,
      26.0,
      56.0,
      117.0,
      99.0,
      189.0,
      73.0,
      127.0,
      92.0,
      110.0,
      132.0,
      123.0,
      181.0,
      38.0,
      42.0,
      111.0,
      128.0,
      180.0,
      164.0,
      117.0,
      207.0,
      193.0,
      91.0,
      99.0,
      85.0,
      179.0,
      143.0,
      253.0,
      81.0,
      152.0,
      108.0,
      127.0,
      111.0,
      130.0,
      162.0,
      158.0,
      319.0,
      212.0,
      194.0,
      500.0,
      164.0,
      156.0,
      206.0,
      211.0,
      416.0,
      354.0,
      194.0,
      438.0,
      197.0,
      469.0,
      500.0,
      500.0,
      500.0,
      296.0,
      358.0,
      170.0,
      500.0,
      500.0,
      190.0,
      500.0,
      500.0,
      444.0,
      500.0,
      500.0,
      500.0,
      360.0,
      500.0,
      500.0,
      500.0,
      500.0,
      174.0,
      500.0,
      500.0,
      500.0,
      431.0,
      500.0,
      500.0,
      220.0,
      301.0,
      420.0,
      425.0,
      297.0,
      500.0,
      421.0,
      320.0,
      405.0,
      441.0,
      247.0,
      248.0,
      312.0,
      238.0,
      316.0,
      236.0,
      251.0,
      236.0,
      273.0,
      280.0,
      280.0,
      314.0,
      500.0,
      221.0,
      393.0,
      500.0,
      253.0,
      253.0,
      500.0,
      500.0,
      500.0,
      317.0,
      319.0,
      319.0,
      500.0,
      423.0,
      500.0,
      428.0,
      500.0,
      447.0,
      267.0,
      500.0,
      132.0,
      500.0,
      500.0,
      381.0,
      282.0,
      313.0,
      371.0,
      334.0,
      256.0,
      313.0,
      254.0,
      237.0,
      313.0,
      169.0,
      277.0,
      218.0,
      27.0,
      227.0,
      177.0,
      500.0,
      293.0,
      315.0,
      290.0,
      471.0,
      285.0,
      500.0,
      500.0,
      286.0,
      500.0,
      500.0,
      470.0,
      155.0,
      500.0,
      455.0,
      500.0,
      500.0,
      500.0,
      500.0,
      305.0,
      500.0,
      500.0,
      500.0,
      500.0,
      500.0,
      500.0,
      500.0,
      500.0,
      500.0,
      500.0,
      500.0,
      500.0,
      500.0,
      500.0,
      500.0,
      500.0,
      500.0,
      500.0,
      500.0,
      443.0,
      500.0,
      500.0,
      500.0,
      500.0,
      500.0,
      500.0,
      500.0,
      500.0,
      500.0,
      500.0,
      500.0,
      500.0,
      500.0,
      500.0,
      500.0,
      500.0,
      500.0,
      500.0,
      500.0,
      500.0,
      500.0,
      500.0,
      440.0,
      500.0,
      428.0,
      500.0,
      500.0,
      500.0,
      500.0,
      500.0,
      500.0,
      500.0,
      500.0,
      500.0,
      500.0,
      500.0,
      500.0,
      500.0,
      500.0,
      500.0,
      483.0,
      500.0,
      466.0,
      485.0,
      500.0,
      373.0,
      254.0,
      463.0,
      420.0,
      343.0,
      295.0,
      355.0,
      299.0,
      288.0,
      258.0,
      243.0,
      239.0,
      250.0,
      275.0,
      276.0,
      287.0,
      296.0,
      259.0,
      326.0,
      291.0,
      274.0,
      286.0,
      323.0,
      318.0,
      334.0,
      354.0,
      367.0,
      355.0,
      329.0,
      450.0,
      451.0,
      500.0,
      500.0,
      500.0,
      500.0,
      500.0,
      500.0,
      500.0,
      500.0,
      500.0,
      465.0,
      436.0,
      379.0,
      500.0,
      500.0,
      500.0,
      500.0,
      500.0,
      500.0,
      500.0,
      500.0,
      500.0,
      500.0,
      500.0,
      500.0,
      500.0,
      500.0,
      500.0,
      500.0,
      500.0,
      500.0,
      500.0,
      500.0,
      500.0,
      500.0,
      500.0,
      500.0,
      500.0,
      500.0,
      500.0,
      332.0,
      391.0,
      298.0,
      487.0,
      500.0,
      500.0,
      500.0,
      500.0,
      500.0,
      500.0,
      500.0,
      500.0,
      394.0,
      500.0,
      446.0,
      426.0,
      431.0,
      500.0,
      500.0,
      406.0,
      500.0,
      500.0,
      500.0,
      500.0,
      289.0,
      500.0,
      500.0,
      408.0,
      500.0,
      500.0,
      500.0,
      270.0,
      500.0,
      500.0,
      332.0,
      500.0,
      500.0,
      500.0,
      500.0,
      500.0,
      500.0,
      500.0,
      500.0,
      500.0,
      500.0,
      500.0,
      367.0,
      500.0,
      500.0,
      500.0,
      500.0,
      500.0,
      500.0,
      500.0,
      500.0,
      500.0,
      500.0,
      411.0,
      500.0,
      500.0,
      500.0,
      500.0,
      500.0,
      500.0,
      391.0,
      500.0,
      363.0,
      500.0,
      415.0,
      500.0,
      497.0,
      500.0,
      500.0,
      457.0,
      500.0,
      351.0,
      77.0,
      500.0,
      500.0,
      500.0,
      500.0,
      500.0,
      500.0,
      500.0,
      500.0,
      500.0,
      500.0,
      500.0,
      500.0,
      500.0,
      500.0,
      500.0,
      500.0,
      500.0,
      500.0,
      500.0,
      500.0,
      500.0,
      500.0,
      500.0,
      500.0,
      500.0,
      500.0,
      500.0,
      500.0,
      500.0,
      500.0,
      500.0,
      500.0,
      500.0,
      500.0,
      500.0,
      500.0,
      500.0,
      486.0,
      396.0,
      358.0,
      313.0,
      342.0,
      500.0,
      500.0,
      500.0,
      500.0,
      500.0,
      500.0,
      500.0,
      500.0,
      500.0,
      500.0,
      500.0,
      500.0,
      500.0,
      500.0,
      500.0,
      500.0,
      500.0,
      500.0,
      500.0,
      500.0,
      500.0,
      500.0,
      500.0,
      500.0,
      500.0,
      500.0,
      500.0,
      409.0,
      500.0,
      500.0,
      500.0,
      500.0,
      500.0,
      500.0,
      500.0,
      421.0,
      300.0,
      362.0,
      500.0,
      500.0,
      360.0,
      500.0,
      500.0,
      500.0,
      500.0,
      500.0,
      500.0,
      500.0,
      500.0,
      500.0,
      500.0,
      500.0,
      500.0,
      500.0,
      500.0,
      500.0,
      500.0,
      500.0,
      500.0,
      500.0,
      500.0,
      500.0,
      500.0,
      500.0,
      500.0,
      500.0,
      500.0,
      500.0,
      500.0,
      500.0,
      500.0,
      500.0,
      500.0,
      500.0,
      500.0,
      500.0,
      500.0,
      500.0,
      500.0,
      500.0,
      500.0,
      419.0,
      500.0,
      494.0,
      500.0,
      500.0,
      500.0,
      500.0,
      500.0,
      500.0,
      500.0,
      500.0,
      500.0,
      500.0,
      500.0,
      410.0,
      476.0,
      443.0,
      406.0,
      294.0,
      292.0,
      500.0,
      500.0,
      500.0,
      500.0,
      500.0,
      500.0,
      500.0,
      500.0,
      500.0,
      500.0,
      496.0,
      500.0,
      500.0,
      500.0,
      500.0,
      500.0,
      405.0,
      500.0,
      500.0,
      500.0,
      500.0,
      500.0,
      500.0,
      340.0,
      500.0,
      500.0,
      500.0,
      500.0,
      500.0,
      500.0,
      500.0,
      500.0,
      500.0,
      500.0,
      413.0,
      500.0,
      332.0,
      500.0,
      500.0,
      500.0,
      500.0,
      439.0,
      500.0,
      500.0,
      448.0,
      500.0,
      500.0,
      300.0,
      277.0,
      500.0,
      460.0,
      500.0,
      500.0,
      500.0,
      500.0,
      500.0,
      500.0,
      500.0,
      366.0,
      448.0,
      500.0,
      344.0,
      500.0,
      500.0,
      500.0,
      500.0,
      500.0,
      500.0,
      500.0,
      500.0,
      500.0,
      500.0,
      500.0,
      500.0,
      500.0,
      500.0,
      500.0,
      500.0,
      500.0,
      500.0,
      500.0,
      500.0,
      500.0,
      500.0,
      500.0,
      500.0,
      500.0,
      496.0,
      499.0,
      500.0,
      500.0,
      500.0,
      500.0,
      500.0,
      500.0,
      500.0,
      500.0,
      500.0,
      500.0,
      500.0,
      500.0,
      500.0,
      500.0,
      500.0,
      500.0,
      500.0,
      500.0,
      500.0,
      500.0,
      500.0,
      500.0,
      500.0,
      500.0,
      500.0,
      500.0,
      491.0,
      500.0,
      500.0,
      500.0,
      500.0,
      418.0,
      500.0,
      500.0,
      500.0,
      197.0,
      500.0,
      500.0,
      500.0,
      500.0,
      500.0,
      500.0,
      500.0,
      500.0,
      500.0,
      288.0,
      500.0,
      500.0,
      500.0,
      500.0,
      500.0,
      500.0,
      494.0,
      500.0,
      500.0,
      428.0,
      311.0,
      322.0,
      347.0,
      346.0,
      332.0,
      271.0,
      230.0,
      302.0,
      336.0,
      392.0,
      409.0,
      459.0,
      500.0,
      500.0,
      500.0,
      500.0,
      500.0,
      500.0,
      500.0,
      500.0,
      500.0,
      500.0,
      500.0,
      500.0,
      500.0,
      500.0,
      500.0,
      500.0,
      500.0,
      500.0,
      500.0,
      500.0,
      500.0,
      500.0,
      500.0,
      500.0,
      500.0,
      500.0,
      500.0,
      500.0,
      500.0,
      500.0,
      500.0,
      500.0,
      500.0,
      500.0,
      500.0,
      500.0,
      500.0,
      500.0,
      500.0,
      500.0,
      500.0,
      500.0,
      500.0,
      500.0,
      500.0,
      500.0,
      500.0,
      500.0,
      500.0,
      500.0,
      500.0,
      500.0,
      500.0,
      500.0,
      500.0,
      500.0,
      500.0,
      500.0,
      500.0,
      500.0,
      500.0,
      500.0,
      500.0,
      500.0,
      500.0,
      500.0,
      500.0,
      500.0,
      500.0,
      500.0,
      500.0,
      500.0,
      500.0,
      500.0,
      500.0,
      500.0,
      500.0,
      500.0,
      500.0,
      500.0,
      500.0,
      500.0,
      500.0,
      500.0,
      500.0,
      387.0,
      500.0,
      500.0,
      500.0,
      476.0,
      500.0,
      500.0,
      412.0,
      493.0,
      466.0,
      386.0,
      337.0,
      248.0,
      353.0,
      255.0,
      500.0,
      388.0,
      500.0,
      371.0,
      500.0,
      500.0,
      500.0,
      500.0,
      500.0,
      500.0,
      500.0,
      500.0,
      500.0,
      500.0,
      500.0,
      500.0,
      500.0,
      500.0,
      500.0,
      500.0,
      500.0,
      500.0,
      500.0,
      500.0,
      500.0,
      500.0,
      500.0,
      500.0,
      500.0,
      500.0,
      500.0,
      500.0,
      369.0,
      500.0,
      369.0,
      343.0,
      240.0,
      231.0,
      123.0,
      120.0,
      134.0,
      118.0,
      116.0,
      98.0,
      111.0,
      51.0,
      92.0,
      99.0,
      102.0,
      101.0,
      117.0,
      111.0,
      153.0,
      185.0,
      183.0,
      210.0,
      214.0,
      217.0,
      242.0,
      259.0,
      317.0,
      409.0,
      500.0,
      500.0,
      500.0,
      500.0,
      500.0,
      500.0,
      500.0,
      500.0,
      500.0,
      500.0,
      500.0,
      500.0,
      500.0,
      500.0,
      500.0,
      500.0,
      500.0,
      500.0,
      500.0,
      500.0,
      500.0,
      500.0
    ]
  ]
}